"0","get_table_info <- function(confusion_table){"
"0","  # accuracy <-  (TP + TN)/n"
"0","  # precission = TP/(TP + FP)"
"0","  # FDR <-  FP/(TP + FP)"
"0","  # Sensitivity(recall) <-  TP/(TP + TN)"
"0","  # specificity <-  TN/(TN + FN)"
"0","  out_df <- data.frame(accuracy = NA,"
"0","                         recall = NA,"
"0","                         specificity = NA,"
"0","                         fdr = NA,"
"0","                         precission = NA)"
"0","  TP = confusion_table[""1"", ""1""]"
"0","  TN = confusion_table[""0"", ""0""]"
"0","  FP = confusion_table[""0"", ""1""]"
"0","  FN = confusion_table[""1"", ""0""]"
"0","  n = TP + TN + FP + FN"
"0","  out_df$accuracy <- (TP + TN)/n"
"0","  out_df$precission <-  TP/(TP + FP)"
"0","  out_df$fdr <-  FP/(TP + FP)"
"0","  out_df$recall <-  TP/(TP + TN)"
"0","  out_df$specificity <-  TN/(TN + FN)"
"0","  return(out_df)"
"0","}"
