{"working_dir":null,"default_chunk_options":{"echo":true},"chunk_definitions":[{"row":11,"row_count":1,"visible":true,"expansion_state":0,"options":{"engine":"r","label":"setup","include":false},"document_id":"A04926EB","chunk_id":"csetup_chunk","chunk_label":"setup"},{"row":40,"row_count":1,"visible":true,"expansion_state":0,"options":{"engine":"r","label":"cargar los datos","echo":false},"document_id":"A04926EB","chunk_id":"cnsba5b3222j9","chunk_label":"cargar los datos"},{"row":58,"row_count":1,"visible":true,"expansion_state":0,"options":{"engine":"r","label":"tipos de datos","echo":false,"warning":false},"document_id":"A04926EB","chunk_id":"cyf1g7kuum2f1","chunk_label":"tipos de datos"},{"row":67,"row_count":1,"visible":true,"expansion_state":0,"options":{"engine":"r","echo":false,"message":false,"label":"unnamed-chunk-7"},"document_id":"A04926EB","chunk_id":"ch0zbwl67gw0j","chunk_label":"unnamed-chunk-1"},{"row":75,"row_count":1,"visible":true,"expansion_state":0,"options":{"engine":"r","label":"factorizar","echo":false},"document_id":"A04926EB","chunk_id":"cupn4s3qp5e9r","chunk_label":"factorizar"},{"row":95,"row_count":1,"visible":true,"expansion_state":0,"options":{"engine":"r","label":"arreglar train","echo":false},"document_id":"A04926EB","chunk_id":"c3pa1gkr1oh1t","chunk_label":"arreglar train"},{"row":113,"row_count":1,"visible":true,"expansion_state":0,"options":{"engine":"r","label":"estandarizar","echo":false},"document_id":"A04926EB","chunk_id":"ckfhks23zm29o","chunk_label":"estandarizar"},{"row":126,"row_count":1,"visible":true,"expansion_state":0,"options":{"engine":"r","label":"distribuciones train","echo":false},"document_id":"A04926EB","chunk_id":"cyuaexsgf9esp","chunk_label":"distribuciones train"},{"row":145,"row_count":1,"visible":true,"expansion_state":0,"options":{"engine":"r","label":"Imputar NAs","echo":false},"document_id":"A04926EB","chunk_id":"cj1o9ofqrihuk","chunk_label":"Imputar NAs"},{"row":160,"row_count":1,"visible":true,"expansion_state":0,"options":{"engine":"r","label":"entrenar modelo","echo":false,"warning":false},"document_id":"A04926EB","chunk_id":"ccokkzds8oa0o","chunk_label":"entrenar modelo"},{"row":168,"row_count":1,"visible":true,"expansion_state":0,"options":{"engine":"r","label":"mostrar resultados del entrenamiento","echo":false},"document_id":"A04926EB","chunk_id":"crwg6xvup04le","chunk_label":"mostrar resultados del entrenamiento"},{"row":173,"row_count":1,"visible":true,"expansion_state":0,"options":{"engine":"r","label":"mostrar modelo","echo":false},"document_id":"A04926EB","chunk_id":"cdp9geboi1gt7","chunk_label":"mostrar modelo"},{"row":190,"row_count":1,"visible":true,"expansion_state":0,"options":{"engine":"r","echo":false,"message":false,"label":"unnamed-chunk-8"},"document_id":"A04926EB","chunk_id":"cv0gkwki6090o","chunk_label":"unnamed-chunk-2"},{"row":194,"row_count":1,"visible":true,"expansion_state":0,"options":{"engine":"r","label":"unnamed-chunk-9"},"document_id":"A04926EB","chunk_id":"cvzzlhhejhfer","chunk_label":"unnamed-chunk-3"},{"row":224,"row_count":1,"visible":true,"expansion_state":0,"options":{"engine":"r","label":"función para recoger métricas","echo":false},"document_id":"A04926EB","chunk_id":"cd40d4oo8rq66","chunk_label":"función para recoger métricas"},{"row":259,"row_count":1,"visible":true,"expansion_state":0,"options":{"engine":"r","label":"cross validation","echo":false},"document_id":"A04926EB","chunk_id":"c5zsifp5zmz0i","chunk_label":"cross validation"},{"row":267,"row_count":1,"visible":true,"expansion_state":0,"options":{"engine":"r","label":"arreglar datos de test","echo":false},"document_id":"A04926EB","chunk_id":"cr8d73asdzqoz","chunk_label":"arreglar datos de test"},{"row":274,"row_count":1,"visible":true,"expansion_state":0,"options":{"engine":"r","echo":false,"label":"unnamed-chunk-3"},"document_id":"A04926EB","chunk_id":"chfv82reet5q2","chunk_label":"unnamed-chunk-4"},{"row":285,"row_count":1,"visible":true,"expansion_state":0,"options":{"engine":"r","echo":false,"label":"unnamed-chunk-4"},"document_id":"A04926EB","chunk_id":"c3ybnlpbfjy4f","chunk_label":"unnamed-chunk-5"},{"row":296,"row_count":1,"visible":true,"expansion_state":0,"options":{"engine":"r","echo":false,"label":"unnamed-chunk-5"},"document_id":"A04926EB","chunk_id":"cz23ysxy161az","chunk_label":"unnamed-chunk-6"},{"row":301,"row_count":1,"visible":true,"expansion_state":0,"options":{"engine":"r","label":"datos de test finales","echo":false},"document_id":"A04926EB","chunk_id":"cvx1pfyhb22es","chunk_label":"datos de test finales"},{"row":312,"row_count":1,"visible":true,"expansion_state":0,"options":{"engine":"r","label":"predicciones con los datos de test","echo":false},"document_id":"A04926EB","chunk_id":"cidpisjboctlv","chunk_label":"predicciones con los datos de test"},{"row":319,"row_count":1,"visible":true,"expansion_state":0,"options":{"engine":"r","echo":false,"label":"unnamed-chunk-6"},"document_id":"A04926EB","chunk_id":"c0mtb0p3r7fv8","chunk_label":"unnamed-chunk-7"}],"doc_write_time":1678438658,"chunk_rendered_width":620}