{"working_dir":null,"default_chunk_options":{"echo":true},"chunk_definitions":[{"row":11,"row_count":1,"visible":true,"expansion_state":0,"options":{"engine":"r","label":"setup","include":false},"document_id":"A04926EB","chunk_id":"csetup_chunk","chunk_label":"setup"},{"row":40,"row_count":1,"visible":true,"expansion_state":0,"options":{"engine":"r","label":"cargar los datos","echo":false},"document_id":"A04926EB","chunk_id":"c7nr85qqnfocl","chunk_label":"cargar los datos"},{"row":58,"row_count":1,"visible":true,"expansion_state":0,"options":{"engine":"r","label":"tipos de datos","echo":false,"warning":false},"document_id":"A04926EB","chunk_id":"cq1b5vlhrrlml","chunk_label":"tipos de datos"},{"row":67,"row_count":1,"visible":true,"expansion_state":0,"options":{"engine":"r","label":"unnamed-chunk-1"},"document_id":"A04926EB","chunk_id":"cf96azbu0u5jl","chunk_label":"unnamed-chunk-1"},{"row":75,"row_count":1,"visible":true,"expansion_state":0,"options":{"engine":"r","label":"factorizar","echo":false},"document_id":"A04926EB","chunk_id":"cx9xslf1utoc2","chunk_label":"factorizar"},{"row":95,"row_count":1,"visible":true,"expansion_state":0,"options":{"engine":"r","label":"arreglar train","echo":false},"document_id":"A04926EB","chunk_id":"cjp4e93tesqzn","chunk_label":"arreglar train"},{"row":113,"row_count":1,"visible":true,"expansion_state":0,"options":{"engine":"r","label":"estandarizar","echo":false},"document_id":"A04926EB","chunk_id":"cvvth766v2605","chunk_label":"estandarizar"},{"row":126,"row_count":1,"visible":true,"expansion_state":0,"options":{"engine":"r","label":"distribuciones train","echo":false},"document_id":"A04926EB","chunk_id":"c0rf1hboupqke","chunk_label":"distribuciones train"},{"row":145,"row_count":1,"visible":true,"expansion_state":0,"options":{"engine":"r","label":"Imputar NAs","echo":false},"document_id":"A04926EB","chunk_id":"c014x8k7mrb0o","chunk_label":"Imputar NAs"},{"row":160,"row_count":1,"visible":true,"expansion_state":0,"options":{"engine":"r","label":"entrenar modelo","echo":false,"warning":false},"document_id":"A04926EB","chunk_id":"c2c6wy9y6pzrm","chunk_label":"entrenar modelo"},{"row":168,"row_count":1,"visible":true,"expansion_state":0,"options":{"engine":"r","label":"mostrar resultados del entrenamiento","echo":false},"document_id":"A04926EB","chunk_id":"cdxacm5jz8j30","chunk_label":"mostrar resultados del entrenamiento"},{"row":173,"row_count":1,"visible":true,"expansion_state":0,"options":{"engine":"r","label":"mostrar modelo","echo":false},"document_id":"A04926EB","chunk_id":"czvqtrap5qcwj","chunk_label":"mostrar modelo"},{"row":190,"row_count":1,"visible":true,"expansion_state":0,"options":{"engine":"r","echo":false,"label":"unnamed-chunk-2"},"document_id":"A04926EB","chunk_id":"cgd3jgxofmssh","chunk_label":"unnamed-chunk-2"},{"row":220,"row_count":1,"visible":true,"expansion_state":0,"options":{},"document_id":"A04926EB","chunk_id":"c3z904p1nv4c1","chunk_label":"función para recoger métricas"},{"row":255,"row_count":1,"visible":true,"expansion_state":0,"options":{},"document_id":"A04926EB","chunk_id":"ctvebhm7qjpdh","chunk_label":"cross validation"},{"row":263,"row_count":1,"visible":true,"expansion_state":0,"options":{},"document_id":"A04926EB","chunk_id":"ctlyssz99r114","chunk_label":"arreglar datos de test"},{"row":270,"row_count":1,"visible":true,"expansion_state":0,"options":{},"document_id":"A04926EB","chunk_id":"c4ehrr5m7f0nw","chunk_label":"unnamed-chunk-3"},{"row":281,"row_count":1,"visible":true,"expansion_state":0,"options":{},"document_id":"A04926EB","chunk_id":"cot1m1p0gin40","chunk_label":"unnamed-chunk-4"},{"row":292,"row_count":1,"visible":true,"expansion_state":0,"options":{},"document_id":"A04926EB","chunk_id":"c0dsjptcpm95i","chunk_label":"unnamed-chunk-5"},{"row":297,"row_count":1,"visible":true,"expansion_state":0,"options":{},"document_id":"A04926EB","chunk_id":"cy70820jka1lc","chunk_label":"datos de test finales"},{"row":308,"row_count":1,"visible":true,"expansion_state":0,"options":{},"document_id":"A04926EB","chunk_id":"cwy5hgi4zt70p","chunk_label":"predicciones con los datos de test"},{"row":315,"row_count":1,"visible":true,"expansion_state":0,"options":{},"document_id":"A04926EB","chunk_id":"c39rx24t448fn","chunk_label":"unnamed-chunk-6"}],"doc_write_time":1678438010,"chunk_rendered_width":620}