"0","library(dplyr)"
"0","print(paste0(""Número de casos en el dataset de entrenamiento: "", nrow(data_train)))"
"1","[1]"
"1"," ""Número de casos en el dataset de entrenamiento: 559"""
"1","
"
"0","print(paste0(""Número de pacientes no repetidos en el dataset de entrenamiento: "", length(unique(data_train$Code))))"
"1","[1]"
"1"," ""Número de pacientes no repetidos en el dataset de entrenamiento: 532"""
"1","
"
"0","print(paste0(""Número de casos no repetidos en el dataset de entrenamiento: "", data_train %>% distinct() %>% nrow()))"
"1","[1]"
"1"," ""Número de casos no repetidos en el dataset de entrenamiento: 556"""
"1","
"
