"0","data_cv <- final_data_train"
"0","final_statistics <- data.frame()"
"0",""
"0","vec_all <- 1:nrow(data_cv)"
"0","data_target_df <- data.frame(ifelse(final_data_train$Class == ""Malignant"", 1, 0))"
"0","data_cv[,""Class""] <- data_target_df"
"0","par(mfrow = c(2, 3))"
"0","for (i in seq_along(1:5)){"
"0","  test_ind <- sample(vec_all, floor(length(vec_all)/5))"
"0","  vec_all <- vec_all[-test_ind]"
"0","  "
"0","  y_test <- data_cv$Class[test_ind]"
"0","  y_train <- data_cv$Class[-test_ind]"
"0","  x_test <- data_cv[test_ind, ]"
"0","  x_train <- data_cv[-test_ind, ]"
"0","  "
"0","  data_model <- cbind(y_train, x_train)"
"0","  "
"0","  model_train <- both"
"0","  "
"0","  model_predictions <- predict(model_train, newdata = x_test, type = ""response"")"
"0","  "
"0","  plot(sort(model_predictions), type = ""l"")"
"0","  abline(h = 0.5, col = ""red"")"
"0","  "
"0","  threshold <- 0.5"
"0","  predictions01 <- ifelse(model_predictions > threshold, 1, 0)"
"0","  output <- get_table_info(table(y_test, predictions01))"
"0","  final_statistics <- rbind(final_statistics, output)"
"0","}"
