"0","col_names <- c(""Code"", ""ClumpThickness"",""CellSizeUniformity"", ""CellShapeUniformity"","
"0","               ""MarginalAdhesion"", ""SingleEpithelialCellSize"", ""BareNuclei"","
"0","               ""BlandChromatin"", ""NormalNucleoli"", ""Mitoses"", ""Group"", ""Class"")"
"0",""
"0","data_train <- readLines(""DATA/Breast_Cancer_train.data"")"
"0","# read.csv solo permite usar separadores de 1 byte, así que tenemos que recurrir a otras opciones"
"0","data_train <- gsub(""h_"", "","", data_train)"
"0","data_train <- textConnection(data_train)"
"0","data_train <- read.csv(data_train,"
"0","                       header = FALSE)"
"0","names(data_train) <- col_names"
"0",""
"0","library(stringr)"
"0","data_test <- readLines(""DATA/Breast_Cancer_test.data"")"
"0","data_test <- str_replace_all(data_test, ""[[:punct:]]"", "","")"
"0","data_test <- textConnection(data_test)"
"0","data_test <- read.csv(data_test,"
"0","                       header = FALSE)"
"0","NAcols <- (1:ncol(data_test))%%2"
"0","data_test <- data_test[!NAcols == 0]"
"0","names(data_test) <- col_names[-length(col_names)]"
